beam 0,beam 1,beam 2
0.09942711638657108,0.09839307400007834,0.1041812982332432
0.09395142398244995,0.09121322521252007,0.0987555921181494
0.08525914826897303,0.08340330779151811,0.0967192044103887
