beam 0,beam 1,beam 2
0.7886092961537077,0.7662290642076791,0.7886092961537077
0.4876401451813523,0.45173775772753044,0.4876401451813523
0.4308385922592395,0.37363950746502506,0.4308385922592395
