beam 0,beam 1,beam 2
0.1411361492255699,0.14151040733708306,0.14617131802385983
0.1014179496219689,0.09767461903083009,0.10537047048223448
0.08570275396403916,0.08400078395670538,0.09715818223200061
