beam 0,beam 1,beam 2
0.48109956906702517,0.45756292018461925,0.48109956906702517
0.43760244342858234,0.4062421029778364,0.43760244342858234
0.42749903105314113,0.36839944900593624,0.42749903105314113
